domain,registrar,udpated,created,expired,country,The lifetime of a domain (years)
nvshengtuan.com,Cloud Yuqu LLC,2022-09-04 15:20:44,2021-10-25 00:32:27,2022-10-25 00:32:27,CN,1
weeblysite.com,Safenames Ltd,2021-12-19 08:38:39,2012-12-19 04:07:22,2022-12-19 04:07:22,US,10
miziahubosaek.com,"Net-Chinese Co., Ltd.",2022-09-10 14:50:02,2022-09-10 14:50:02,2023-09-10 14:50:02,,1
weebly.com,Safenames Ltd,2022-03-28 23:54:33,2006-03-29 00:25:07,2023-03-28 23:25:07,US,17
brookszapatillas.com,ALIBABA.COM SINGAPORE E-COMMERCE PRIVATE LIMITED,2022-05-16 07:18:14,2021-06-05 09:25:22,2023-06-05 09:25:22,,2
verificawebdispositivo.com,REGISTER S.P.A.,2022-09-10 09:38:52,2022-09-10 09:38:52,2023-09-10 09:38:52,IT,1
maindappsweb.com,"Amazon Registrar, Inc.",2022-09-09 13:18:56,2022-09-09 13:08:09,2023-09-09 13:08:09,GB,1
assiemilpolare.com,NAMECHEAP INC,2022-09-09 16:04:43,2022-09-09 16:04:19,2023-09-09 16:04:19,IS,1
sitstemperemi.com,NAMECHEAP INC,2022-09-09 14:40:41,2022-09-09 14:40:24,2023-09-09 14:40:24,IS,1
sevenmaxguns.com,"Wild West Domains, LLC",2022-06-16 14:41:07,2021-06-15 15:27:26,2023-06-15 15:27:26,US,2
aljone.com,"GoDaddy.com, LLC",2021-01-08 10:26:34,2013-12-29 11:45:34,2024-12-29 11:45:34,US,11
mizishubosaek.com,"Net-Chinese Co., Ltd.",2022-09-11 13:51:42,2022-09-11 13:51:42,2023-09-11 13:51:42,,1
giflztdilscowf.com,"Regional Network Information Center, JSC dba RU-CENTER",2022-09-10 13:39:34,2022-09-10 13:35:26,2023-09-10 13:35:26,"Personal data, can not be publicly disclosed according to applicable laws.",1
pagandodominio.com,PDR Ltd. d/b/a PublicDomainRegistry.com,2022-07-27 01:55:13,2022-06-08 13:20:22,2023-06-08 13:20:22,US,1
weebly.com,Safenames Ltd,2022-03-28 23:54:33,2006-03-29 00:25:07,2023-03-28 23:25:07,US,17
dnset.com,PDR Ltd. d/b/a PublicDomainRegistry.com,2021-09-17 07:01:45,2005-11-21 19:25:29,2022-11-21 19:25:29,US,17
weebly.com,Safenames Ltd,2022-03-28 23:54:33,2006-03-29 00:25:07,2023-03-28 23:25:07,US,17
max-healthcarerx.com,"NICENIC INTERNATIONAL GROUP CO., LIMITED",2022-07-01 06:36:17,2020-06-01 17:00:08,2023-06-01 17:00:08,RU,3
weeblysite.com,Safenames Ltd,2021-12-19 08:38:39,2012-12-19 04:07:22,2022-12-19 04:07:22,US,10
aapks.com,NAMECHEAP INC,2022-05-07 22:41:04,2018-03-26 09:10:49,2023-03-26 09:10:49,IS,5
servicesupsshipping.com,PDR Ltd. d/b/a PublicDomainRegistry.com,2022-09-10 16:47:01,2022-09-10 16:47:01,2023-09-10 16:47:01,US,1
pagandodominio.com,PDR Ltd. d/b/a PublicDomainRegistry.com,2022-07-27 01:55:13,2022-06-08 13:20:22,2023-06-08 13:20:22,US,1
kloksdigital.com,PDR Ltd. d/b/a PublicDomainRegistry.com,2022-08-01 18:32:25,2022-02-24 15:26:30,2023-02-24 15:26:30,BR,1
spcdaklak.com,CNOBIN INFORMATION TECHNOLOGY LIMITED,2022-09-10 12:08:41,2022-09-10 12:03:58,2023-09-10 12:03:58,de,1
bank-jp-japan.com,"eNom, LLC",2022-09-12 00:24:23,2022-09-11 19:06:01,2023-09-11 19:06:01,,1
weeblysite.com,Safenames Ltd,2021-12-19 08:38:39,2012-12-19 04:07:22,2022-12-19 04:07:22,US,10
assiemilpolare.com,NAMECHEAP INC,2022-09-09 16:04:43,2022-09-09 16:04:19,2023-09-09 16:04:19,IS,1
weeblysite.com,Safenames Ltd,2021-12-19 08:38:39,2012-12-19 04:07:22,2022-12-19 04:07:22,US,10
frances-sitio-online.com,Name SRS AB,2022-09-09 09:40:09,2022-09-09 09:40:09,2023-09-09 09:40:09,SE,1
netflixtvinfos.com,Google LLC,2022-09-10 18:37:39,2022-09-10 18:07:00,2023-09-10 18:07:00,CA,1
minting-sys.com,PDR Ltd. d/b/a PublicDomainRegistry.com,2022-09-09 14:35:24,2022-09-09 14:35:24,2023-09-09 14:35:24,HK,1
my-ehtrip.com,NAMECHEAP INC,2022-09-12 03:30:20,2021-08-14 12:18:13,2023-08-14 12:18:13,IS,2
efedikmen.com,Nics Telekomunikasyon A.S.,2022-02-11 07:07:44,2021-02-16 15:35:42,2023-02-16 15:35:42,,2
sushipape.com,NAMECHEAP INC,2022-09-07 17:07:47,2022-09-07 16:49:21,2023-09-07 16:49:21,IS,1
banks-co-japan.com,WEBCC,2022-09-06 17:51:32,2022-09-06 17:51:32,2023-09-06 17:51:32,Malaysia,1
weeblysite.com,SafeNames Ltd.,2021-12-19 08:38:39,2012-12-19 04:07:22,2022-12-19 04:07:22,,10
proemergency.com,PDR Ltd. d/b/a PublicDomainRegistry.com,2022-08-22 14:59:22,2009-09-04 23:21:14,2023-09-04 23:21:14,KY,14
weeblysite.com,Safenames Ltd,2021-12-19 08:38:39,2012-12-19 04:07:22,2022-12-19 04:07:22,US,10
msbuniversal.com,Hosting Concepts B.V. d/b/a Registrar.eu,2021-12-28 05:53:05,2021-12-28 05:53:02,2022-12-28 05:53:02,ID,1
thaigemmart.com,"Name.com, Inc.",2022-06-26 17:09:22,2021-07-18 12:04:44,2023-07-18 12:04:44,US,2
heimbit.com,PDR Ltd. d/b/a PublicDomainRegistry.com,2022-07-14 13:33:51,2022-07-14 13:01:23,2023-07-14 13:01:23,RU,1
weebly.com,Safenames Ltd,2022-03-28 23:54:33,2006-03-29 00:25:07,2023-03-28 23:25:07,US,17
updateaddres-delivery.com,Sav.comLLC,2022-09-11 19:45:27,2022-09-11 19:29:20,2023-09-11 19:29:20,United States,1
weebly.com,Safenames Ltd,2022-03-28 23:54:33,2006-03-29 00:25:07,2023-03-28 23:25:07,US,17
drop-mintint.com,"NameSilo, LLC",2022-09-12 03:49:47,2022-09-10 15:00:41,2023-09-10 15:00:41,,1
minting-list.com,"GoDaddy.com, LLC",2022-08-31 19:19:46,2022-08-01 05:29:05,2023-08-01 05:29:05,US,1
updateaddres-delivery.com,Sav.comLLC,2022-09-11 19:45:27,2022-09-11 19:29:20,2023-09-11 19:29:20,United States,1
weeblysite.com,Safenames Ltd,2021-12-19 08:38:39,2012-12-19 04:07:22,2022-12-19 04:07:22,US,10
weebly.com,Safenames Ltd,2022-03-28 23:54:33,2006-03-29 00:25:07,2023-03-28 23:25:07,US,17
fengchepifa.com,"Chengdu west dimension digital technology Co., LTD",2022-09-04 15:20:42,2022-01-14 05:00:34,2023-01-14 05:00:34,CN,1
weeblysite.com,Safenames Ltd,2021-12-19 08:38:39,2012-12-19 04:07:22,2022-12-19 04:07:22,US,10
tinaseviourjewellery.com,CNOBIN INFORMATION TECHNOLOGY LIMITED,2022-09-02 00:42:23,2022-09-02 00:35:12,2023-09-02 00:35:12,de,1
128793234256.com,Google LLC,2022-06-30 12:48:32,2022-06-25 20:51:46,2023-06-25 20:51:46,CA,1
minting-pre.com,PDR Ltd. d/b/a PublicDomainRegistry.com,2022-09-08 03:03:37,2022-09-08 03:03:37,2023-09-08 03:03:37,HK,1
miziahobosaek.com,"Net-Chinese Co., Ltd.",2022-09-11 13:51:32,2022-09-11 13:51:32,2023-09-11 13:51:32,,1
miziehubosaek.com,"Net-Chinese Co., Ltd.",2022-09-11 13:51:30,2022-09-11 13:51:30,2023-09-11 13:51:30,,1
ftxgb.com,"Amazon Registrar, Inc.",2022-09-09 09:04:27,2022-08-25 17:25:30,2023-08-25 17:25:30,GB,1
weeblysite.com,Safenames Ltd,2021-12-19 08:38:39,2012-12-19 04:07:22,2022-12-19 04:07:22,US,10
azizidevelopments-riviera.com,"GoDaddy.com, LLC",2022-09-07 12:06:44,2022-09-07 12:06:44,2023-09-07 12:06:44,US,1
wartatimes.com,WEBCC,2022-09-12 08:21:11,2021-12-01 02:34:29,2022-12-01 02:34:29,Malaysia,1
sitstemperemi.com,NAMECHEAP INC,2022-09-09 14:40:41,2022-09-09 14:40:24,2023-09-09 14:40:24,IS,1
zapper-fj.com,"Regional Network Information Center, JSC dba RU-CENTER",2022-09-10 15:50:23,2022-09-10 15:43:34,2023-09-10 15:43:34,"Personal data, can not be publicly disclosed according to applicable laws.",1
weeblysite.com,Safenames Ltd,2021-12-19 08:38:39,2012-12-19 04:07:22,2022-12-19 04:07:22,US,10
wikaba.com,PDR Ltd. d/b/a PublicDomainRegistry.com,2021-09-14 14:21:09,2000-11-15 04:17:34,2023-11-15 04:17:34,US,23
nuveveriyonetimi.com,Aerotek Bilisim Sanayi ve Ticaret AS,2022-07-28 09:00:08,2017-08-02 18:17:05,2023-08-02 18:17:05,TR,6
wikaba.com,PDR Ltd. d/b/a PublicDomainRegistry.com,2021-09-14 14:21:09,2000-11-15 04:17:34,2023-11-15 04:17:34,US,23
ups-orderupdate.com,PDR Ltd. d/b/a PublicDomainRegistry.com,2022-09-10 16:50:48,2022-09-10 16:50:48,2023-09-10 16:50:48,CA,1
kloksdigital.com,PDR Ltd. d/b/a PublicDomainRegistry.com,2022-08-01 18:32:25,2022-02-24 15:26:30,2023-02-24 15:26:30,BR,1
publicvm.com,"Netdorm, Inc. dba DnsExit.com",2022-07-20 07:03:58,2007-07-19 05:57:17,2023-07-19 05:57:17,,16
syncfixdapp.com,Whogohost Limited,2022-09-09 01:21:23,2022-09-09 01:21:23,2023-09-09 01:21:23,,1
dynadot.com,DYNADOT LLC,2022-03-02 21:07:52,2002-10-30 17:44:41,2022-10-30 16:44:41,US,20
weeblysite.com,Safenames Ltd,2021-12-19 08:38:39,2012-12-19 04:07:22,2022-12-19 04:07:22,US,10
